{
    "activate_air_filtration": [
        "0"
    ],
    "additional_cooling_fan_speed": [
        "0"
    ],
    "chamber_temperatures": [
        "0"
    ],
    "circle_compensation_speed": [
        "200"
    ],
    "close_fan_the_first_x_layers": [
        "3"
    ],
    "compatible_printers": [
        "Bambu Lab P1P 0.4 nozzle"
    ],
    "compatible_printers_condition": "",
    "compatible_prints": [],
    "compatible_prints_condition": "",
    "complete_print_exhaust_fan_speed": [
        "70"
    ],
    "cool_plate_temp": [
        "0"
    ],
    "cool_plate_temp_initial_layer": [
        "0"
    ],
    "counter_coef_1": [
        "0"
    ],
    "counter_coef_2": [
        "0.025"
    ],
    "counter_coef_3": [
        "-0.11"
    ],
    "counter_limit_max": [
        "0.05"
    ],
    "counter_limit_min": [
        "-0.04"
    ],
    "default_filament_colour": [
        ""
    ],
    "diameter_limit": [
        "50"
    ],
    "during_print_exhaust_fan_speed": [
        "70"
    ],
    "enable_overhang_bridge_fan": [
        "1"
    ],
    "enable_pressure_advance": [
        "0"
    ],
    "eng_plate_temp": [
        "85"
    ],
    "eng_plate_temp_initial_layer": [
        "85"
    ],
    "fan_cooling_layer_time": [
        "30"
    ],
    "fan_max_speed": [
        "90"
    ],
    "fan_min_speed": [
        "40"
    ],
    "filament_adaptive_volumetric_speed": [
        "0"
    ],
    "filament_adhesiveness_category": [
        "0"
    ],
    "filament_change_length": [
        "10"
    ],
    "filament_cost": [
        "32.95"
    ],
    "filament_density": [
        "1.27"
    ],
    "filament_deretraction_speed": [
        "nil"
    ],
    "filament_diameter": [
        "1.75"
    ],
    "filament_end_gcode": [
        "; filament end gcode \nM106 P3 S0\n"
    ],
    "filament_extruder_variant": [
        "Direct Drive Standard"
    ],
    "filament_flow_ratio": [
        "0.95"
    ],
    "filament_flush_temp": [
        "0"
    ],
    "filament_flush_volumetric_speed": [
        "0"
    ],
    "filament_id": "P3f09400",
    "filament_is_support": [
        "0"
    ],
    "filament_long_retractions_when_cut": [
        "nil"
    ],
    "filament_max_volumetric_speed": [
        "5"
    ],
    "filament_minimal_purge_on_wipe_tower": [
        "15"
    ],
    "filament_notes": "",
    "filament_pre_cooling_temperature": [
        "0"
    ],
    "filament_prime_volume": [
        "45"
    ],
    "filament_printable": [
        "3"
    ],
    "filament_ramming_travel_time": [
        "0"
    ],
    "filament_ramming_volumetric_speed": [
        "-1"
    ],
    "filament_retract_before_wipe": [
        "nil"
    ],
    "filament_retract_restart_extra": [
        "nil"
    ],
    "filament_retract_when_changing_layer": [
        "nil"
    ],
    "filament_retraction_distances_when_cut": [
        "nil"
    ],
    "filament_retraction_length": [
        "nil"
    ],
    "filament_retraction_minimum_travel": [
        "nil"
    ],
    "filament_retraction_speed": [
        "nil"
    ],
    "filament_scarf_gap": [
        "0"
    ],
    "filament_scarf_height": [
        "10%"
    ],
    "filament_scarf_length": [
        "10"
    ],
    "filament_scarf_seam_type": [
        "none"
    ],
    "filament_settings_id": [
        "Filaform PETG @Bambu Lab P1P 0.4 nozzle"
    ],
    "filament_shrink": [
        "100%"
    ],
    "filament_soluble": [
        "0"
    ],
    "filament_start_gcode": [
        "; filament start gcode\n{if (bed_temperature[current_extruder] >80)||(bed_temperature_initial_layer[current_extruder] >80)}M106 P3 S255\n{elsif (bed_temperature[current_extruder] >60)||(bed_temperature_initial_layer[current_extruder] >60)}M106 P3 S180\n{endif}\n\n{if activate_air_filtration[current_extruder] && support_air_filtration}\nM106 P3 S{during_print_exhaust_fan_speed_num[current_extruder]} \n{endif}"
    ],
    "filament_type": [
        "PETG"
    ],
    "filament_velocity_adaptation_factor": [
        "1"
    ],
    "filament_vendor": [
        "Filaform"
    ],
    "filament_wipe": [
        "nil"
    ],
    "filament_wipe_distance": [
        "nil"
    ],
    "filament_z_hop": [
        "nil"
    ],
    "filament_z_hop_types": [
        "nil"
    ],
    "from": "User",
    "full_fan_speed_layer": [
        "0"
    ],
    "hole_coef_1": [
        "0"
    ],
    "hole_coef_2": [
        "-0.025"
    ],
    "hole_coef_3": [
        "0.28"
    ],
    "hole_limit_max": [
        "0.25"
    ],
    "hole_limit_min": [
        "0.08"
    ],
    "hot_plate_temp": [
        "85"
    ],
    "hot_plate_temp_initial_layer": [
        "85"
    ],
    "impact_strength_z": [
        "0"
    ],
    "inherits": "",
    "long_retractions_when_ec": [
        "0"
    ],
    "name": "Filaform PETG @Bambu Lab P1P 0.4 nozzle",
    "nozzle_temperature": [
        "260"
    ],
    "nozzle_temperature_initial_layer": [
        "260"
    ],
    "nozzle_temperature_range_high": [
        "270"
    ],
    "nozzle_temperature_range_low": [
        "230"
    ],
    "overhang_fan_speed": [
        "90"
    ],
    "overhang_fan_threshold": [
        "10%"
    ],
    "overhang_threshold_participating_cooling": [
        "95%"
    ],
    "pre_start_fan_time": [
        "0"
    ],
    "pressure_advance": [
        "0.055"
    ],
    "reduce_fan_stop_start_freq": [
        "1"
    ],
    "required_nozzle_HRC": [
        "3"
    ],
    "retraction_distances_when_ec": [
        "10"
    ],
    "slow_down_for_layer_cooling": [
        "1"
    ],
    "slow_down_layer_time": [
        "12"
    ],
    "slow_down_min_speed": [
        "20"
    ],
    "supertack_plate_temp": [
        "35"
    ],
    "supertack_plate_temp_initial_layer": [
        "35"
    ],
    "temperature_vitrification": [
        "70"
    ],
    "textured_plate_temp": [
        "85"
    ],
    "textured_plate_temp_initial_layer": [
        "85"
    ],
    "version": "1.8.0.18",
    "volumetric_speed_coefficients": [
        ""
    ]
}
