{
    "activate_air_filtration": [
        "0"
    ],
    "additional_cooling_fan_speed": [
        "100"
    ],
    "chamber_temperatures": [
        "0"
    ],
    "close_fan_the_first_x_layers": [
        "1"
    ],
    "compatible_printers": [
        "Bambu Lab A1 mini 0.4 nozzle"
    ],
    "compatible_printers_condition": "",
    "compatible_prints": [],
    "compatible_prints_condition": "",
    "complete_print_exhaust_fan_speed": [
        "70"
    ],
    "cool_plate_temp": [
        "45"
    ],
    "cool_plate_temp_initial_layer": [
        "45"
    ],
    "default_filament_colour": [
        ""
    ],
    "during_print_exhaust_fan_speed": [
        "70"
    ],
    "enable_overhang_bridge_fan": [
        "1"
    ],
    "enable_pressure_advance": [
        "0"
    ],
    "eng_plate_temp": [
        "60"
    ],
    "eng_plate_temp_initial_layer": [
        "60"
    ],
    "fan_cooling_layer_time": [
        "80"
    ],
    "fan_max_speed": [
        "100"
    ],
    "fan_min_speed": [
        "50"
    ],
    "filament_cost": [
        "29.95"
    ],
    "filament_density": [
        "1.26"
    ],
    "filament_deretraction_speed": [
        "nil"
    ],
    "filament_diameter": [
        "1.75"
    ],
    "filament_end_gcode": [
        "; filament end gcode \nM106 P3 S0\n"
    ],
    "filament_flow_ratio": [
        "0.98"
    ],
    "filament_id": "Pb4f0407",
    "filament_is_support": [
        "0"
    ],
    "filament_long_retractions_when_cut": [
        "nil"
    ],
    "filament_max_volumetric_speed": [
        "8"
    ],
    "filament_minimal_purge_on_wipe_tower": [
        "15"
    ],
    "filament_notes": "",
    "filament_retract_before_wipe": [
        "nil"
    ],
    "filament_retract_restart_extra": [
        "nil"
    ],
    "filament_retract_when_changing_layer": [
        "nil"
    ],
    "filament_retraction_distances_when_cut": [
        "nil"
    ],
    "filament_retraction_length": [
        "nil"
    ],
    "filament_retraction_minimum_travel": [
        "nil"
    ],
    "filament_retraction_speed": [
        "nil"
    ],
    "filament_settings_id": [
        "Filaform PLA V3 @Bambu Lab A1 mini 0.4 nozzle"
    ],
    "filament_soluble": [
        "0"
    ],
    "filament_start_gcode": [
        "; filament start gcode\n{if  (bed_temperature[current_extruder] >55)||(bed_temperature_initial_layer[current_extruder] >55)}M106 P3 S200\n{elsif(bed_temperature[current_extruder] >50)||(bed_temperature_initial_layer[current_extruder] >50)}M106 P3 S150\n{elsif(bed_temperature[current_extruder] >45)||(bed_temperature_initial_layer[current_extruder] >45)}M106 P3 S50\n{endif}\n\n{if activate_air_filtration[current_extruder] && support_air_filtration}\nM106 P3 S{during_print_exhaust_fan_speed_num[current_extruder]} \n{endif}"
    ],
    "filament_type": [
        "PLA"
    ],
    "filament_vendor": [
        "Filaform"
    ],
    "filament_wipe": [
        "nil"
    ],
    "filament_wipe_distance": [
        "nil"
    ],
    "filament_z_hop": [
        "nil"
    ],
    "filament_z_hop_types": [
        "nil"
    ],
    "from": "User",
    "full_fan_speed_layer": [
        "0"
    ],
    "hot_plate_temp": [
        "60"
    ],
    "hot_plate_temp_initial_layer": [
        "60"
    ],
    "inherits": "",
    "is_custom_defined": "0",
    "name": "Filaform PLA V3 @Bambu Lab A1 mini 0.4 nozzle",
    "nozzle_temperature": [
        "220"
    ],
    "nozzle_temperature_initial_layer": [
        "220"
    ],
    "nozzle_temperature_range_high": [
        "250"
    ],
    "nozzle_temperature_range_low": [
        "190"
    ],
    "overhang_fan_speed": [
        "100"
    ],
    "overhang_fan_threshold": [
        "0%"
    ],
    "pressure_advance": [
        "0.02"
    ],
    "reduce_fan_stop_start_freq": [
        "1"
    ],
    "required_nozzle_HRC": [
        "3"
    ],
    "slow_down_for_layer_cooling": [
        "1"
    ],
    "slow_down_layer_time": [
        "4"
    ],
    "slow_down_min_speed": [
        "20"
    ],
    "temperature_vitrification": [
        "61"
    ],
    "textured_plate_temp": [
        "60"
    ],
    "textured_plate_temp_initial_layer": [
        "60"
    ],
    "version": "1.8.0.18"
}
