{
    "activate_air_filtration": [
        "0"
    ],
    "additional_cooling_fan_speed": [
        "70"
    ],
    "chamber_temperatures": [
        "0"
    ],
    "circle_compensation_speed": [
        "200"
    ],
    "close_fan_the_first_x_layers": [
        "1"
    ],
    "compatible_printers": [
        "Bambu Lab P2S 0.4 nozzle"
    ],
    "compatible_printers_condition": "",
    "compatible_prints": [],
    "compatible_prints_condition": "",
    "complete_print_exhaust_fan_speed": [
        "70"
    ],
    "cool_plate_temp": [
        "30"
    ],
    "cool_plate_temp_initial_layer": [
        "30"
    ],
    "counter_coef_1": [
        "0"
    ],
    "counter_coef_2": [
        "0.008"
    ],
    "counter_coef_3": [
        "-0.041"
    ],
    "counter_limit_max": [
        "0.033"
    ],
    "counter_limit_min": [
        "-0.035"
    ],
    "default_filament_colour": [
        ""
    ],
    "diameter_limit": [
        "50"
    ],
    "during_print_exhaust_fan_speed": [
        "70"
    ],
    "enable_overhang_bridge_fan": [
        "1"
    ],
    "enable_pressure_advance": [
        "0"
    ],
    "eng_plate_temp": [
        "35"
    ],
    "eng_plate_temp_initial_layer": [
        "35"
    ],
    "fan_cooling_layer_time": [
        "100"
    ],
    "fan_max_speed": [
        "100"
    ],
    "fan_min_speed": [
        "100"
    ],
    "filament_adaptive_volumetric_speed": [
        "0",
        "0"
    ],
    "filament_adhesiveness_category": [
        "600"
    ],
    "filament_change_length": [
        "10"
    ],
    "filament_cost": [
        "41.99"
    ],
    "filament_density": [
        "1.22"
    ],
    "filament_deretraction_speed": [
        "nil",
        "nil"
    ],
    "filament_diameter": [
        "1.75"
    ],
    "filament_end_gcode": [
        "; filament end gcode \n\n"
    ],
    "filament_extruder_variant": [
        "Direct Drive Standard",
        "Direct Drive High Flow"
    ],
    "filament_flow_ratio": [
        "1",
        "1"
    ],
    "filament_flush_temp": [
        "0",
        "0"
    ],
    "filament_flush_volumetric_speed": [
        "0",
        "0"
    ],
    "filament_id": "Pbf9f5c1",
    "filament_is_support": [
        "0"
    ],
    "filament_long_retractions_when_cut": [
        "nil",
        "nil"
    ],
    "filament_max_volumetric_speed": [
        "3.6",
        "3.6"
    ],
    "filament_minimal_purge_on_wipe_tower": [
        "15"
    ],
    "filament_notes": "",
    "filament_pre_cooling_temperature": [
        "0",
        "0"
    ],
    "filament_prime_volume": [
        "45"
    ],
    "filament_printable": [
        "3"
    ],
    "filament_ramming_travel_time": [
        "0",
        "0"
    ],
    "filament_ramming_volumetric_speed": [
        "-1",
        "-1"
    ],
    "filament_retract_before_wipe": [
        "nil",
        "nil"
    ],
    "filament_retract_restart_extra": [
        "nil",
        "nil"
    ],
    "filament_retract_when_changing_layer": [
        "nil",
        "nil"
    ],
    "filament_retraction_distances_when_cut": [
        "nil",
        "nil"
    ],
    "filament_retraction_length": [
        "0.4",
        "0.4"
    ],
    "filament_retraction_minimum_travel": [
        "nil",
        "nil"
    ],
    "filament_retraction_speed": [
        "nil",
        "nil"
    ],
    "filament_scarf_gap": [
        "0%"
    ],
    "filament_scarf_height": [
        "10%"
    ],
    "filament_scarf_length": [
        "10"
    ],
    "filament_scarf_seam_type": [
        "none"
    ],
    "filament_settings_id": [
        "Filaform TPU 95A @Bambu Lab P2S 0.4 nozzle"
    ],
    "filament_shrink": [
        "100%"
    ],
    "filament_soluble": [
        "0"
    ],
    "filament_start_gcode": [
        "; filament start gcode\n"
    ],
    "filament_type": [
        "TPU"
    ],
    "filament_velocity_adaptation_factor": [
        "1"
    ],
    "filament_vendor": [
        "Filaform"
    ],
    "filament_wipe": [
        "nil",
        "nil"
    ],
    "filament_wipe_distance": [
        "nil",
        "nil"
    ],
    "filament_z_hop": [
        "nil",
        "nil"
    ],
    "filament_z_hop_types": [
        "nil",
        "nil"
    ],
    "first_x_layer_fan_speed": [
        "40"
    ],
    "from": "User",
    "full_fan_speed_layer": [
        "0"
    ],
    "hole_coef_1": [
        "0"
    ],
    "hole_coef_2": [
        "-0.008"
    ],
    "hole_coef_3": [
        "0.23415"
    ],
    "hole_limit_max": [
        "0.22"
    ],
    "hole_limit_min": [
        "0.088"
    ],
    "hot_plate_temp": [
        "35"
    ],
    "hot_plate_temp_initial_layer": [
        "35"
    ],
    "impact_strength_z": [
        "88.7"
    ],
    "inherits": "",
    "long_retractions_when_ec": [
        "0",
        "0"
    ],
    "name": "Filaform TPU 95A @Bambu Lab P2S 0.4 nozzle",
    "no_slow_down_for_cooling_on_outwalls": [
        "0"
    ],
    "nozzle_temperature": [
        "230",
        "230"
    ],
    "nozzle_temperature_initial_layer": [
        "230",
        "230"
    ],
    "nozzle_temperature_range_high": [
        "250"
    ],
    "nozzle_temperature_range_low": [
        "200"
    ],
    "overhang_fan_speed": [
        "100"
    ],
    "overhang_fan_threshold": [
        "95%"
    ],
    "overhang_threshold_participating_cooling": [
        "95%"
    ],
    "pre_start_fan_time": [
        "0"
    ],
    "pressure_advance": [
        "0.02"
    ],
    "reduce_fan_stop_start_freq": [
        "1"
    ],
    "required_nozzle_HRC": [
        "3"
    ],
    "retraction_distances_when_ec": [
        "0",
        "0"
    ],
    "slow_down_for_layer_cooling": [
        "1"
    ],
    "slow_down_layer_time": [
        "8"
    ],
    "slow_down_min_speed": [
        "10"
    ],
    "supertack_plate_temp": [
        "0"
    ],
    "supertack_plate_temp_initial_layer": [
        "0"
    ],
    "temperature_vitrification": [
        "30"
    ],
    "textured_plate_temp": [
        "35"
    ],
    "textured_plate_temp_initial_layer": [
        "35"
    ],
    "version": "2.3.0.5",
    "volumetric_speed_coefficients": [
        "0 0 0 0 0 0",
        "0 0 0 0 0 0"
    ]
}
