﻿{
    "activate_air_filtration":  [
                                    "0"
                                ],
    "additional_cooling_fan_speed":  [
                                         "75"
                                     ],
    "chamber_temperatures":  [
                                 "0"
                             ],
    "circle_compensation_speed":  [
                                      "200"
                                  ],
    "close_fan_the_first_x_layers":  [
                                         "1"
                                     ],
    "compatible_printers":  [
                                "Bambu Lab H2C 0.4 nozzle"
                            ],
    "compatible_printers_condition":  "",
    "compatible_prints":  [

                          ],
    "compatible_prints_condition":  "",
    "complete_print_exhaust_fan_speed":  [
                                             "70"
                                         ],
    "cool_plate_temp":  [
                            "35"
                        ],
    "cool_plate_temp_initial_layer":  [
                                          "35"
                                      ],
    "counter_coef_1":  [
                           "0"
                       ],
    "counter_coef_2":  [
                           "0.003"
                       ],
    "counter_coef_3":  [
                           "0.01"
                       ],
    "counter_limit_max":  [
                              "0.088"
                          ],
    "counter_limit_min":  [
                              "-0.035"
                          ],
    "default_filament_colour":  [
                                    ""
                                ],
    "diameter_limit":  [
                           "50"
                       ],
    "during_print_exhaust_fan_speed":  [
                                           "70"
                                       ],
    "enable_overhang_bridge_fan":  [
                                       "1"
                                   ],
    "enable_pressure_advance":  [
                                    "0"
                                ],
    "eng_plate_temp":  [
                           "0"
                       ],
    "eng_plate_temp_initial_layer":  [
                                         "0"
                                     ],
    "fan_cooling_layer_time":  [
                                   "100"
                               ],
    "fan_max_speed":  [
                          "80"
                      ],
    "fan_min_speed":  [
                          "60"
                      ],
    "filament_adaptive_volumetric_speed":  [
                                               "0",
                                               "0"
                                           ],
    "filament_adhesiveness_category":  [
                                           "100"
                                       ],
    "filament_change_length":  [
                                   "5"
                               ],
    "filament_cost":  [
                          "24.99"
                      ],
    "filament_density":  [
                             "1.26"
                         ],
    "filament_deretraction_speed":  [
                                        "nil",
                                        "nil"
                                    ],
    "filament_diameter":  [
                              "1.75"
                          ],
    "filament_end_gcode":  [
                               "; filament end gcode \n"
                           ],
    "filament_extruder_variant":  [
                                      "Direct Drive Standard",
                                      "Direct Drive High Flow"
                                  ],
    "filament_flow_ratio":  [
                                "0.98",
                                "0.98"
                            ],
    "filament_flush_temp":  [
                                "0",
                                "0"
                            ],
    "filament_flush_volumetric_speed":  [
                                            "0",
                                            "0"
                                        ],
    "filament_id":  "Pa3b19ee",
    "filament_is_support":  [
                                "0"
                            ],
    "filament_long_retractions_when_cut":  [
                                               "nil",
                                               "nil"
                                           ],
    "filament_max_volumetric_speed":  [
                                          "25",
                                          "35"
                                      ],
    "filament_minimal_purge_on_wipe_tower":  [
                                                 "15"
                                             ],
    "filament_notes":  "",
    "filament_pre_cooling_temperature":  [
                                             "0",
                                             "0"
                                         ],
    "filament_prime_volume":  [
                                  "30"
                              ],
    "filament_printable":  [
                               "3"
                           ],
    "filament_ramming_travel_time":  [
                                         "0",
                                         "0"
                                     ],
    "filament_ramming_volumetric_speed":  [
                                              "-1",
                                              "-1"
                                          ],
    "filament_retract_before_wipe":  [
                                         "nil",
                                         "nil"
                                     ],
    "filament_retract_restart_extra":  [
                                           "nil",
                                           "nil"
                                       ],
    "filament_retract_when_changing_layer":  [
                                                 "nil",
                                                 "nil"
                                             ],
    "filament_retraction_distances_when_cut":  [
                                                   "nil",
                                                   "nil"
                                               ],
    "filament_retraction_length":  [
                                       "0.4",
                                       "0.4"
                                   ],
    "filament_retraction_minimum_travel":  [
                                               "nil",
                                               "nil"
                                           ],
    "filament_retraction_speed":  [
                                      "nil",
                                      "nil"
                                  ],
    "filament_scarf_gap":  [
                               "0%"
                           ],
    "filament_scarf_height":  [
                                  "10%"
                              ],
    "filament_scarf_length":  [
                                  "10"
                              ],
    "filament_scarf_seam_type":  [
                                     "none"
                                 ],
    "filament_settings_id":  [
                                 "Filaform PLA High Speed @Bambu Lab H2C 0.4 nozzle"
                             ],
    "filament_shrink":  [
                            "100%"
                        ],
    "filament_soluble":  [
                             "0"
                         ],
    "filament_start_gcode":  [
                                 "; filament start gcode\n"
                             ],
    "filament_type":  [
                          "PLA"
                      ],
    "filament_velocity_adaptation_factor":  [
                                                "1"
                                            ],
    "filament_vendor":  [
                            "Filaform"
                        ],
    "filament_wipe":  [
                          "1",
                          "1"
                      ],
    "filament_wipe_distance":  [
                                   "1",
                                   "1"
                               ],
    "filament_z_hop":  [
                           "nil",
                           "nil"
                       ],
    "filament_z_hop_types":  [
                                 "Spiral Lift",
                                 "Spiral Lift"
                             ],
    "first_x_layer_fan_speed":  [
                                    "0"
                                ],
    "from":  "User",
    "full_fan_speed_layer":  [
                                 "0"
                             ],
    "hole_coef_1":  [
                        "0"
                    ],
    "hole_coef_2":  [
                        "-0.008"
                    ],
    "hole_coef_3":  [
                        "0.18"
                    ],
    "hole_limit_max":  [
                           "0.22"
                       ],
    "hole_limit_min":  [
                           "0.088"
                       ],
    "hot_plate_temp":  [
                           "55"
                       ],
    "hot_plate_temp_initial_layer":  [
                                         "55"
                                     ],
    "impact_strength_z":  [
                              "13.8"
                          ],
    "inherits":  "",
    "long_retractions_when_ec":  [
                                     "1",
                                     "1"
                                 ],
    "name":  "Filaform PLA High Speed @Bambu Lab H2C 0.4 nozzle",
    "no_slow_down_for_cooling_on_outwalls":  [
                                                 "0"
                                             ],
    "nozzle_temperature":  [
                               "220",
                               "220"
                           ],
    "nozzle_temperature_initial_layer":  [
                                             "220",
                                             "220"
                                         ],
    "nozzle_temperature_range_high":  [
                                          "240"
                                      ],
    "nozzle_temperature_range_low":  [
                                         "190"
                                     ],
    "overhang_fan_speed":  [
                               "100"
                           ],
    "overhang_fan_threshold":  [
                                   "50%"
                               ],
    "overhang_threshold_participating_cooling":  [
                                                     "95%"
                                                 ],
    "pre_start_fan_time":  [
                               "2"
                           ],
    "pressure_advance":  [
                             "0.02"
                         ],
    "reduce_fan_stop_start_freq":  [
                                       "1"
                                   ],
    "required_nozzle_HRC":  [
                                "3"
                            ],
    "retraction_distances_when_ec":  [
                                         "10",
                                         "10"
                                     ],
    "slow_down_for_layer_cooling":  [
                                        "1"
                                    ],
    "slow_down_layer_time":  [
                                 "4"
                             ],
    "slow_down_min_speed":  [
                                "20"
                            ],
    "supertack_plate_temp":  [
                                 "45"
                             ],
    "supertack_plate_temp_initial_layer":  [
                                               "45"
                                           ],
    "temperature_vitrification":  [
                                      "45"
                                  ],
    "textured_plate_temp":  [
                                "55"
                            ],
    "textured_plate_temp_initial_layer":  [
                                              "55"
                                          ],
    "version":  "2.2.0.4",
    "volumetric_speed_coefficients":  [
                                          "0 0 0 0 0 0",
                                          "0 0 0 0 0 0"
                                      ]
}
